문법,번호,한국어,영어
Be동사 (현재),1,나 피곤하긴 한데 배고프진 않아.,"I'm tired, but I'm not hungry."
Be동사 (현재),2,"나는 32살이고, 내 여동생은 29살이야.",I'm 32 years old. My sister is 29.
Be동사 (현재),3,"이 꽃들 예쁘고, 가격도 비싸지 않아.","These flowers are nice, and they aren't expensive."
Be동사 (현재),4,지금 10시야. 너 또 늦었어.,It's 10:00. You're late again.
Be동사 (현재),5,나 추워. 창문 닫아도 될까?,I'm cold. Can I close the window?
Be동사 (현재),6,제임스는 선생님이 아니라 학생이야.,James isn't a teacher. He's a student.
Be동사 (현재),7,우리 집은 시내 근처에 있어.,Our house is near downtown.
Be동사 (현재),8,톰은 여기 없어. 회사에 있어.,Tom isn't here. He's at work.
Be동사 (현재),9,안나랑 나는 친한 친구야.,Anna and I are good friends.
Be동사 (현재),10,파리는 정말 아름다운 도시야.,Paris is a beautiful city.
Be동사 (현재),11,알렉스는 개를 무서워해.,Alex is scared of dogs.
Be동사 (현재),12,제인은 호주 사람이야. 미국 사람이 아니야.,Jane is Australian. She isn't American.
Be동사 (현재),13,신발 예쁘다. 새 거야?,Your shoes are nice. Are they new?
Be동사 (현재),14,네 열쇠는 테이블 위에 있어.,Your keys are on the table.
Be동사 (현재),15,"A: 나 늦었어?
B: 아니, 제시간에 왔어.","A: Am I late?
B: No, you're on time."
Be동사 (현재),16,"A: 어머니는 집에 계시니?
B: 아니, 나가셨어.","A: Is your mother home?
B: No, she's out."
Be동사 (현재),17,"A: 부모님 집에 계셔?
B: 아니, 두 분 다 나가셨어.","A: Are your parents home?
B: No, they're out."
Be동사 (현재),18,"A: 네 방 춥니?
B: 응, 조금.","A: Is it cold in your room?
B: Yes, a little bit."
현재진행형,1,조용히 해 주세요. 지금 일하고 있어요.,Please be quiet. I'm working.
현재진행형,2,"봐, 사라가 있어. 지금 갈색 코트를 입고 있어.","Look, there's Sarah. She's wearing a brown coat."
현재진행형,3,날씨가 좋아요. 지금 비가 안 와요.,The weather is nice. It's not raining.
현재진행형,4,"A: 아이들은 어디 있어요?
B: 공원에서 놀고 있어요.","A: Where are the children?
B: They're playing in the park."
현재진행형,5,지금 저녁 먹고 있어요. 나중에 전화해도 될까요?,We're having dinner now. Can I call you later?
현재진행형,6,"A: 비 와?
B: 응, 우산 챙겨.","A: Is it raining?
B: Yes, take an umbrella."
현재진행형,7,왜 코트 입고 있어? 춥지 않잖아.,Why are you wearing a coat? It's not cold.
현재진행형,8,"A: 에릭은 뭐 하고 있어?
B: 시험 공부하고 있어.","A: What's Eric doing?
B: He's studying for his exams."
현재진행형,9,"A: 아이들은 뭐 하고 있어?
B: TV 보고 있어.","A: What are the children doing?
B: They're watching TV."
현재진행형,10,"A: (몸 상태가) 괜찮아?
B: 네, 괜찮아요. 고마워요.","A: Are you feeling OK?
B: Yes, I'm fine, thanks."
일반동사 (현재),1,나는 큰 도시들을 좋아해요.,I like big cities.
일반동사 (현재),2,당신 영어 정말 잘하네요. 말이 잘 통해요.,Your English is good. You speak very well.
일반동사 (현재),3,톰은 아주 열심히 일해요. 그는 7시 30분에 일을 시작해서 밤 8시에 끝나요.,Tom works very hard. He starts at 7:30 and finishes at 8:00 at night.
일반동사 (현재),4,지구는 태양 주위를 돌아요.,The earth goes around the sun.
일반동사 (현재),5,우리는 여가 시간에 다양한 일들을 많이 해요.,We do a lot of different things in our free time.
일반동사 (현재),6,병원을 짓는 데는 많은 돈이 들어요.,It costs a lot of money to build a hospital.
일반동사 (현재),7,수는 항상 일찍 출근해요.,Sue always gets to work early.
일반동사 (현재),8,나는 아침을 절대 먹지 않아요.,I never eat breakfast.
일반동사 (현재),9,우리는 주말에 자주 늦잠을 자요.,We often sleep late on weekends.
일반동사 (현재),10,마크는 보통 일요일마다 테니스를 쳐요.,Mark usually plays tennis on Sundays.
일반동사 (현재),11,"나는 가끔 걸어서 출근해요, 하지만 자주 그러는 건 아니에요.","I sometimes walk to work, but not very often."
일반동사 (현재),12,"가끔 그는 늦지만, 그런 일은 자주 일어나지 않아요.","Sometimes he is late, but it doesn't happen very often."
일반동사 (현재),13,"나는 조쉬를 좋아하지 않고, 조쉬도 나를 좋아하지 않아요.","I don't like Josh, and Josh doesn't like me."
일반동사 (현재),14,내 차는 기름을 많이 쓰지 않아요.,My car doesn't use much gas.
일반동사 (현재),15,사라는 스페인어를 하지만 이탈리아어는 못해요.,"Sarah speaks Spanish, but she doesn't speak Italian."
일반동사 (현재),16,빌은 자기 일을 그다지 잘하지 못해요.,Bill doesn't do his job very well.
일반동사 (현재),17,나는 세차하는 걸 좋아하지 않아요.,I don't like to wash the car.
Be동사 (과거),1,"작년에 레이첼이 22살이었으니, 이제 23살 입니다.","Last year Rachel was 22, so she is 23 now."
Be동사 (과거),2,"제가 어렸을 때, 개를 무서워했어요.","When I was a child, I was scared of dogs."
Be동사 (과거),3,여행이 끝나고 배가 고팠지만 피곤하진 않았어요.,"We were hungry after the trip, but we weren't tired."
Be동사 (과거),4,"호텔은 편안했지만, 비싸진 않았어요.","The hotel was comfortable, but it wasn't expensive."
Be동사 (과거),5,휴가 중이었을 때 날씨가 좋았나요?,Was the weather nice when you were on vacation?
Be동사 (과거),6,오늘 아침에 왜 늦었어요?,Why were you late this morning?
과거진행형,1,"A: 어제 11시 30분에 뭐 하고 있었어요?
B: 일하고 있었어요.","A: What were you doing at 11:30 yesterday?
B: I was working."
과거진행형,2,"A: 그가 뭐라고 말한 거야?
B: 몰라. 안 듣고 있었어.","A: What did he say?
B: I don't know. I wasn't listening."
과거진행형,3,비가 와서 우린 나가지 않았어요.,"It was raining, so we didn't go out."
과거진행형,4,2009년에 우리는 일본에서 살고 있었어요.,"In 2009, we were living in Japan."
과거진행형,5,그녀는 오늘 치마를 입었지만 어제는 바지를 입고 있었어.,"Today she's wearing a skirt, but yesterday she was wearing pants."
과거진행형,6,어제 일찍 일어났는데 아름다운 아침이었죠. 햇살이 비치고 새들이 지저귀고 있었어.,I woke up early yesterday. It was a beautiful morning. The sun was shining and the birds were singing.
과거진행형,7,"A: 어제 아침에 뭐 했어?
B: 테니스를 쳤어.","A: What did you do yesterday morning?
B: We played tennis."
과거진행형,8,"A: 10시 30분에 뭐 하고 있었어?
B: 테니스를 치고 있었어.","A: What were you doing at 10:30?
B: We were playing tennis."
과거진행형,9,잭은 어제 책을 읽었어.,Jack read a book yesterday.
과거진행형,10,잭이 책을 읽고 있을 때 전화가 울렸어.,Jack was reading when his phone rang.
과거진행형,11,어젯밤에 TV로 경기 봤어?,Did you watch the game on TV last night?
과거진행형,12,내가 너한테 전화했을 때 TV 보고 있었어?,Were you watching TV when I called you?
과거진행형,13,나는 9시에 일을 시작해서 4시 30분에 끝냈어. 2시 30분엔 일하고 있었어.,I started work at 9:00 and finished at 4:30. At 2:30 I was working.
과거진행형,14,우리가 나갔을 때 비가 오고 있었어.,It was raining when we went out.
과거진행형,15,오늘 아침에 에밀리와 샘을 봤어. 그들은 버스 정류장에서 기다리고 있었어.,I saw Emily and Sam this morning. They were waiting at the bus stop.
과거진행형,16,그레이스는 책을 읽다가 잠이 들었어.,Grace fell asleep while she was reading.
일반동사 (과거),1,나 오늘 아침에 이빨 닦았어.,This morning I brushed my teeth.
일반동사 (과거),2,토니는 2005년부터 2011년까지 은행에서 일했어.,Tony worked in a bank from 2005 to 2011.
일반동사 (과거),3,어제 아침 내내 비가 왔고 점심 때 그쳤어요.,Yesterday it rained all morning. It stopped at lunchtime.
일반동사 (과거),4,우리는 지난 밤 파티를 즐겼어요. 춤도 많이 추고 많은 사람들과 얘기를 나눴어요. 파티는 자정에 끝났어요.,We enjoyed the party last night. We danced a lot and talked to a lot of people. The party ended at midnight.
일반동사 (과거),5,나는 주로 일찍 일어나지만 오늘 아침에는 9시 30분에 일어났어요.,"I usually get up early, but this morning I got up at 9:30."
일반동사 (과거),6,메간은 지난주에 영화관에 세 번이나 갔어요.,Megan went to the movies three times last week.
일반동사 (과거),7,제임스는 방으로 들어와 코트를 벗고 앉았어.,"James came into the room, took off his coat, and sat down."
일반동사 (과거),8,어제 테니스를 쳤는데 이기진 못했어요.,"I played tennis yesterday, but I didn't win."
일반동사 (과거),9,우리는 좋은 식당에 갔지만 식사를 즐기진 못했어.,"We went to a nice restaurant, but we didn't enjoy the meal."
일반동사 (과거),10,"A: 숙제 했니?
B: 아니요. 시간이 없었어요.","A: Did you do your homework?
B: No, I didn't have time."
일반동사 (과거),11,"A: 어제 조를 봤니?
B: 아니요.","A: Did you see Joe yesterday?
B: No, I didn't."
일반동사 (과거),12,"A: 일요일에 비가 왔나요?
B: 네, 왔어요.","A: Did it rain on Sunday?
B: Yes, it did."
현재완료,1,"A: 멕시코시티에 가본 적 있나요?
B: 네, 가봤어요. 여러 번.","A: Have you been to Mexico City?
B: Yes, I have. Many times."
현재완료,2,"A: 일본에 가본 적이 있나요?
B: 아니요, 한 번도 안 가봤어요.","A: Have you ever been to Japan?
B: No, I've never been to Japan."
현재완료,3,"A: 프랑스에 가봤나요?
B: 아니요, 안 가봤어요.","A: Have you been to France?
B: No, I haven't."
현재완료,4,"저희는 캐나다에 가봤지만, 알래스카에 간 적이 없어요.","We've been to Canada, but we haven't been to Alaska."
현재완료,5,메리는 흥미로운 사람이에요. 여러 가지 일을 해봤고 아주 다양한 곳에서 살았거든요.,Mary is an interesting person. She has had many different jobs and has lived in many different places.
현재완료,6,"저 여자를 전에 본 적이 있는데, 어디였는지 기억이 안 나네요.","I've seen that woman before, but I can't remember where."
현재완료,7,"A: 미셸이 호주에 가본 적이 있나요?
B: 네, 한 번요.","A: Has Michelle ever been to Australia?
B: Yes, once."
현재완료,8,"A: 골프 쳐본 적 있어요?
B: 네, 자주 쳐요.","A: Have you ever played golf?
B: Yes, I play a lot."
현재완료,9,제 여동생은 비행기를 타고 여행해 본 적이 없어요.,My sister has never traveled by plane.
현재완료,10,말을 타본 적이 한 번도 없어요.,I've never ridden a horse.
Used to,1,"내가 어렸을 때, 나는 초콜릿을 좋아하곤 했어요.","When I was a child, I used to like chocolate."
Used to,2,"나는 예전에 책을 많이 읽었어요, 하지만 요즘은 많이 읽지 않아요.","I used to read a lot of books, but I don't read much these days."
Used to,3,리즈는 지금 머리가 짧아요. 하지만 예전에 아주 길었어요.,"Liz has short hair now, but it used to be very long."
Used to,4,그들은 예전에 우리와 같은 거리에 살았어요. 한 때 자주 만났는데 지금은 많이 보지 않아요.,"They used to live on the same street as us, so we used to see them a lot. But we don't see them  much anymore."
Used to,5,"앨리슨은 예전에 피아노가 있었어요, 하지만 몇 년 전에 팔았어요.","Allison used to have a piano, but she sold it a few years ago."
Used to,6,"나는 예전에 토마토를 좋아하지 않았어요, 하지만 지금은 좋아해요.","I didn't use to like tomatoes, but I like them now."
Used to,7,여기 오기 전에 어디 살았어요?,Where did you use to live before you came here?
수동태,1,버터는 우유로 만들어요.,Butter is made from milk.
수동태,2,오렌지는 캐나다로 수입됩니다.,Oranges are imported into Canada.
수동태,3,이 집은 100년 전에 지어졌습니다.,This house was built 100 years ago.
수동태,4,이 방들은 얼마나 자주 청소하나요?,How often are these rooms cleaned?
수동태,5,난 파티에 한 번도 초대받지 않아!,I am never invited to parties.
수동태,6,전화기는 언제 발명되었나요?,When was the telephone invented?
수동태,7,저희는 지난주 파티에 초대받지 못했어요.,We weren't invited to the party last week.
수동태,8,저는 1995년 콜롬비아에서 태어났습니다.,I was born in Colombia in 1995.
수동태,9,"A: 그 사고로 다친 사람이 있나요?
B: 네, 두 명이 병원으로 이송되었습니다.","A: Was anybody injured in the accident?
B: Yes, two people were taken to the hospital."
수동태,10,"A: 어디서 태어나셨어요?
B: 카이로요.","A: Where were you born?
B: In Cairo."
미래시제 (be+ing),1,오늘 밤에는 나가지 않고 집에 있을 거예요.,I'm not going out tonight. I'm staying home.
미래시제 (be+ing),2,소피는 금요일에 치과에 갈 예정입니다.,Sophie is going to the dentist on Friday.
미래시제 (be+ing),3,우리는 다음 주말에 파티를 할 거예요.,We're having a party next weekend.
미래시제 (be+ing),4,오늘 밤에 친구들을 만나나요?,Are you meeting your friends tonight?
미래시제 (be+ing),5,내일 밤에 무엇을 할 건가요?,What are you doing tomorrow night?
미래시제 (be going to),1,저는 내일 책을 좀 살 거예요.,I'm going to buy some books tomorrow.
미래시제 (be going to),2,세라는 차를 팔 예정입니다.,Sarah is going to sell her car.
미래시제 (be going to),3,오늘 아침은 안 먹을 거예요. 배가 고프지 않거든요.,I'm not going to have breakfast this morning. I'm not hungry.
미래시제 (be going to),4,다음 주 결혼식에 뭐 입고 갈 거예요?,What are you going to wear to the wedding next week?
미래시제 (be going to),5,"A: 손이 더럽네.
B: 응, 알아. 씻으려고.","A: Your hands are dirty.
B: Yes, I know. I'm going to wash them."
미래시제 (be going to),6,매트를 파티에 초대할 건가요?,Are you going to invite Matt to your party?
미래시제 (will),1,"A: 제 가방이 무거워요.
B: 제가 들어 드릴게요.","A: My suitcase is heavy.
B: I'll carry it for you."
미래시제 (will),2,"A: 내일 전화할게. 알겠지?
B: 응, 잘가!","A: I'll call you tomorrow. OK?
B: OK, bye."
미래시제 (will),3,"저녁으로 뭘 먹을지 못 정하겠어. 아, 알았다! 스파게티 만들어야지.",I can't decide what to have for dinner. I know! I'll make spaghetti.
미래시제 (will),4,"수는 여행을 많이 다녀요. 오늘은 로스앤젤레스에 있고, 내일은 멕시코시티에 있을 거예요. 다음 주에는 뉴욕에 있을 거고요.",Sue travels a lot. Today she is in Los Angeles. Tomorrow she'll be in Mexico City. Next week she'll be in New York.
미래시제 (will),5,오래된 빵은 마당에 두세요. 새들이 먹을 거예요.,Leave the old bread in the yard. The birds will eat it.
미래시제 (will),6,우리 오늘 밤에 아마 외출할 것 같아요.,We'll probably go out tonight.
미래시제 (will),7,오늘 오후에 비가 올 것 같지 않아요.,I don't think it will rain this afternoon.
미래시제 (will),8,내일 아침에 집에 있을 거예요?,Will you be home tomorrow morning?
미래시제 (will),9,내일은 여기 없을 거예요.,I won't be here tomorrow.
미래시제 (will),10,자기 전에 커피 마시지 마세요. 잠이 잘 안 올 거예요.,Don't drink coffee before you go to bed. You won't sleep well.
조동사 (might / may),1,"오늘 밤에 영화 보러 갈 수도 있어, 근데 아직 모르겠어.","I might go to the movies tonight, but I'm not sure."
조동사 (might / may),2,우산 챙겨가. 비가 올 수도 있어.,Take an umbrella with you. It might rain.
조동사 (might / may),3,복권을 사봐. 운이 좋을 수도 있잖아.,Buy a lottery ticket. You might be lucky.
조동사 (might / may),4,"A: 오늘 밤에 나갈 거야?
B: 아마도.","A: Are you going out tonight?
B: I might."
조동사 (might / may),5,"A: 레베카가 언제 전화할 거예요?
B: 모르겠어요. 오늘 오후에 전화할 수도 있어요.","A: When is Rebecca going to call you?
B: I don't know. She might call this afternoon."
조동사 (might / may),6,나 내일 출근 안 할 수도 있어.,I might not go to work tomorrow.
조동사 (might / may),7,수가 파티에 안 올 수도 있어.,Sue might not come to the party.
조동사 (might / may),8,나 오늘 밤에 영화 보러 갈 수도 있어.,I may go to the movies tonight.
조동사 (might / may),9,수가 파티에 안 올 수도 있어.,Sue may not come to the party.
조동사 (might / may),10,질문 하나 해도 될까요?,May I ask a question?
조동사 (might / may),11,"""여기 앉아도 될까요?"" ""네, 그럼요.""","""May I sit here?"" ""Sure."""
조동사 (can / could),1,나 피아노 칠 줄 알아. 내 남동생도 피아노 칠 줄 알아.,"I can play the piano. My brother can play the piano, too."
조동사 (can / could),2,"사라는 이탈리아어를 할 줄 알지만, 스페인어는 못해.","Sarah can speak Italian, but she can't speak Spanish."
조동사 (can / could),3,"A: 수영할 줄 알아?
B: 응, 근데 수영을 엄청 잘하지는 않아.","A: Can you swim?
B: Yes, but I'm not a very good swimmer."
조동사 (can / could),4,"A: 20달러짜리 바꿔줄 수 있어요?
B: 죄송해요, 안 되겠어요.","A: Can you change a twenty-dollar bill?
B: I'm sorry, I can't."
조동사 (can / could),5,"다음 주에 파티를 열 건데, 에릭이랑 레이첼은 못 온대.","I'm having a party next week, but Eric and Rachel can't come."
조동사 (can / could),6,나 어렸을 때 정말 빠르게 달릴 수 있었어.,"When I was young, I could run very fast."
조동사 (can / could),7,마리아가 미국에 오기 전에는 영어를 잘 이해하지 못했어. 지금은 다 이해해.,"Before Maria came to the United States, she couldn't understand much English. Now she can understand everything."
조동사 (can / could),8,어젯밤에 피곤했는데 잠을 잘 수가 없었어.,"I was tired last night, but I couldn't sleep."
조동사 (can / could),9,"지난주에 파티를 열었는데, 에릭이랑 레이첼이 못 왔어.","I had a party last week, but Eric and Rachel couldn't come."
조동사 (can / could),10,문 좀 열어줄 수 있어요? / 문 좀 열어주시겠어요?,"Can you open the door, please? / Could you open the door, please?"
조동사 (can / could),11,잠깐만 기다려줄 수 있어요? / 잠깐 기다려주시겠어요?,"Can you wait a minute, please? / Could you wait a minute, please?"
조동사 (can / could),12,물 한 잔 줄 수 있어요? / 물 한 잔 주시겠어요?,"Can I have a glass of water, please? / Could I have a glass of water, please?"
조동사 (can / could),13,여기 앉아도 될까요?,Can I sit here?
조동사 (can / could),14,"톰, 우산 빌려도 될까요?","Tom, could I borrow your umbrella?"
조동사 (must),1,저녁인데 하루 종일 아무것도 안 먹었잖아. 배고프겠다.,"It's evening, and you haven't eaten anything all day. You must be hungry."
조동사 (must),2,내 남동생이 네 회사에서 몇 년째 일했는데. 알겠지.,My brother has worked at your company for years. You must know him.
조동사 (must),3,내 친구들이 너랑 우편번호가 같아. 근처에 사나 봐.,My friends have the same zip code as you. They must live near you.
조동사 (must),4,"존이 아니에요? 죄송해요, 잘못 걸었나 봐요.",This isn't John? I'm sorry. I must have the wrong number.
조동사 (must),5,전화가 여덟 번이나 울렸는데 메건이 안 받아. 폰을 안 갖고 다니나 봐.,"The phone rang eight times, and Megan didn't answer. She must not have her phone with her."
조동사 (must),6,미겔은 어딜 가나 버스를 타. 차가 없나 봐.,Miguel takes the bus everywhere. He must not have a car.
조동사 (must),7,실바 가족은 금요일엔 항상 집에 있어. 그날은 일을 안 하나 봐.,The Silvas are always home on Fridays. They must not work then.
조동사 (must),8,건강해지고 싶으면 잘 먹어야 해.,You must eat well if you want to be healthy.
조동사 (must),9,위험한 상황이야. 조심해야 해.,They're in a dangerous situation. They must be careful.
조동사 (must),10,이 기계 작업 시 안전 안경을 착용해야 합니다.,Workers must wear safety glasses at this machine.
조동사 (must),11,미국에서는 투표하려면 18세 이상이어야 해.,"In the United States, you must be 18 to vote."
조동사 (must),12,해외여행을 하려면 여권이 있어야 해.,You must have a passport to travel outside your country.
조동사 (should),1,톰은 공부를 충분히 안 해. 더 열심히 해야 해.,Tom doesn't study enough. He should study harder.
조동사 (should),2,좋은 영화야. 가서 봐.,It's a good movie. You should go and see it.
조동사 (should),3,테니스 칠 때는 항상 공을 잘 봐야 해.,"When you play tennis, you should always watch the ball."
조동사 (should),4,톰은 너무 늦게 자지 말아야 해.,Tom shouldn't go to bed so late.
조동사 (should),5,너 TV를 너무 많이 봐. 그렇게 많이 보면 안 돼.,You watch TV all the time. You shouldn't watch TV so much.
조동사 (should),6,레이첼은 새 옷을 좀 사는 게 좋겠어.,I think Rachel should buy some new clothes.
조동사 (should),7,늦었어. 이제 집에 가야 할 것 같아.,It's late. I think I should go home now.
조동사 (should),8,그렇게 열심히 일하지 않는 게 좋겠어.,I don't think you should work so hard.
조동사 (should),9,이 모자 살까? 어떻게 생각해?,Do you think I should buy this hat?
조동사 (should),10,방이 너무 따뜻한데. 창문 열까요?,It's very warm in this room. Should I open the window?
조동사 (should),11,A: 오늘 밤에 전화해도 될까? B: 응.,A: Should I call you tonight? B: OK.
조동사 (should),12,날씨 좋다. 산책 갈까?,It's a nice day. Should we go for a walk?
조동사 (should),13,저녁 뭐 먹을까?,What should we have for dinner?
조동사 (have to),1,내일 직장에 늦을 것 같아. 치과에 가야 해.,I'll be late for work tomorrow. I have to go to the dentist.
조동사 (have to),2,메건은 7시에 일을 시작해서 6시에 일어나야 해.,"Megan starts work at 7:00, so she has to get up at 6:00."
조동사 (have to),3,운전면허를 따려면 시험에 합격해야 해.,You have to pass a test before you can get a driver's license.
조동사 (have to),4,어제 직장에 늦었어. 치과에 가야 했거든.,I was late for work yesterday. I had to go to the dentist.
조동사 (have to),5,어젯밤에 걸어서 집에 가야 했어. 버스가 없었어.,We had to walk home last night. There were no buses.
조동사 (have to),6,내일 치과 몇 시에 가야 해?,What time do you have to go to the dentist tomorrow?
조동사 (have to),7,메건은 토요일에도 일해야 해?,Does Megan have to work on Saturdays?
조동사 (have to),8,걔네 왜 파티에서 일찍 나가야 했어?,Why did they have to leave the party early?
조동사 (have to),9,내일 일 안 해서 일찍 안 일어나도 돼.,"I'm not working tomorrow, so I don't have to get up early."
조동사 (have to),10,마이크는 열심히 일 안 해도 돼. 편한 직장이거든.,Mike doesn't have to work very hard. He's got an easy job.
조동사 (have to),11,버스를 오래 기다리지 않아도 됐어. 금방 왔거든.,We didn't have to wait very long for the bus – it came in a few minutes.
would like (권유 / 원하다),1,"A: 커피 드실래요? B: 아니요, 괜찮아요.","A: Would you like some coffee? B: No, thank you."
would like (권유 / 원하다),2,"A: 사탕 드실래요? B: 네, 주세요.","A: Would you like a piece of candy? B: Yes, please."
would like (권유 / 원하다),3,"A: 차 드실래요, 커피 드실래요? B: 차 주세요.","A: Which would you like, tea or coffee? B: Tea, please."
would like (권유 / 원하다),4,산책 갈래요?,Would you like to go for a walk?
would like (권유 / 원하다),5,"A: 일요일에 저녁 먹으러 올래요? B: 네, 좋아요.","A: Would you like to come for dinner on Sunday? B: Yes, I'd love to."
would like (권유 / 원하다),6,오늘 밤에 뭐 하고 싶어요?,What would you like to do tonight?
would like (권유 / 원하다),7,목말라. 뭔가 마시고 싶어.,I'm thirsty. I'd like a drink.
would like (권유 / 원하다),8,호텔 정보 좀 알고 싶어요.,"I'd like some information about hotels, please."
would like (권유 / 원하다),9,피곤해. 오늘 밤은 집에 있고 싶어.,I'm feeling tired. I'd like to stay home tonight.
would like (권유 / 원하다),10,줄리아가 너를 만나고 싶대.,Julia would like to meet you.
would like (권유 / 원하다),11,호주에 가고 싶어.,I'd love to go to Australia.
would like (권유 / 원하다),12,"A: 앉으실래요? B: 아니요, 서 있을게요, 감사해요.","A: ""Would you like to sit down?"" B: ""No, I'd prefer to stand, thank you."""
would like (권유 / 원하다),13,이 아파트가 마음에 들어. 이사 가고 싶지 않아.,I like this apartment. I wouldn't like to move.
would like (권유 / 원하다),14,나는 작은 마을에 살아. 대도시에서 사는 건 싫을 것 같아.,I live in a small town. I'd hate to live in a big city.
I'd rather (~하는 편이 낫다),1,사실 나가고 싶지 않아. 집에 있는 게 낫겠어.,I don't really want to go out. I'd rather stay home.
I'd rather (~하는 편이 낫다),2,"A: 이제 갈까? B: 아니, 아직. 좀 있다 가는 게 낫겠어.","A: Should we go now? B: No, not yet. I'd rather wait until later."
I'd rather (~하는 편이 낫다),3,"나는 지금 가고 싶은데, 톰은 좀 있다 가고 싶어 해.","I'd like to go now, but Tom would rather wait until later."
I'd rather (~하는 편이 낫다),4,나는 늦는 게 싫어. 일찍 가는 게 낫지.,I don't like to be late. I'd rather be early.
I'd rather (~하는 편이 낫다),5,피곤해. 오늘 밤은 안 나가는 게 낫겠어.,I'm feeling tired. I'd rather not go out tonight.
I'd rather (~하는 편이 낫다),6,수는 피곤해. 오늘 밤은 안 나가는 게 낫겠대.,Sue is feeling tired. She'd rather not go out tonight.
I'd rather (~하는 편이 낫다),7,우리 배 안 고파. 아직 안 먹는 게 낫겠어.,We're not hungry. We'd rather not eat yet.
I'd rather (~하는 편이 낫다),8,A: 오늘 밤에 나갈래? B: 안 나가는 게 낫겠어.,A: Would you like to go out tonight? B: I'd rather not.
I'd rather (~하는 편이 낫다),9,"A: 우유 드실래요, 주스 드실래요? B: 주스 주세요.","A: Would you rather have milk or juice? B: Juice, please."
I'd rather (~하는 편이 낫다),10,"영화관에 가는 거랑 집에서 보는 거랑, 어느 쪽이 더 좋아?",Which would you rather do – go to the movie theater or watch a movie at home?
I'd rather (~하는 편이 낫다),11,나는 바닥에 앉는 게 낫겠어.,I'd rather sit on the floor.
I'd rather (~하는 편이 낫다),12,수는 안 나가는 게 낫겠대.,Sue would rather not go out.
I'd rather (~하는 편이 낫다),13,집에 있는 것보다 나가는 게 낫겠어.,I'd rather go out than stay home.
I'd rather (~하는 편이 낫다),14,고양이보다 강아지가 낫겠어.,I'd rather have a dog than a cat.
I'd rather (~하는 편이 낫다),15,집에서 보는 것보다 영화관에 가는 게 낫겠어.,We'd rather go to the movie theater than watch a movie at home.
I'd rather (~하는 편이 낫다),16,지금 여기보다 집에 있는 게 나을 것 같아.,I'd rather be at home right now than here.
명령문 / 청유문,1,A: 이리 와서 이것 좀 봐. B: 그게 뭐야?,"A: ""Come here and look at this."" B: What is it?"
명령문 / 청유문,2,너랑 얘기하고 싶지 않아. 저리 가!,I don't want to talk to you. Go away!
명령문 / 청유문,3,아직 준비가 안 됐어. 기다려 줘.,I'm not ready yet. Please wait for me.
명령문 / 청유문,4,조용히 해 줘. 나 일하고 있어.,Please be quiet. I'm working.
명령문 / 청유문,5,좋은 휴가 보내! / 좋은 여행 해! / 즐거운 시간 보내! / 재미있게 놀아!,Have a good vacation! / Have a good trip! / Have a nice time! / Have fun!
명령문 / 청유문,6,맛있게 먹어! / 파티 즐겨!,Enjoy your meal! / Enjoy the party!
명령문 / 청유문,7,잘 자. 푹 자!,Good night. Sleep well!
명령문 / 청유문,8,"A: 초콜릿 먹어! B: 오, 고마워.","A: Have a chocolate! B: Oh, thanks."
명령문 / 청유문,9,조심해! 넘어지지 마.,Be careful! Don't fall.
명령문 / 청유문,10,가지 마. 나랑 여기 있어.,Please don't go. Stay here with me.
명령문 / 청유문,11,제시간에 와. 늦지 마.,Be here on time. Don't be late.
명령문 / 청유문,12,날씨 좋다. 나가자.,It's a nice day. Let's go out.
명령문 / 청유문,13,어서! 춤추자.,Come on! Let's dance.
명령문 / 청유문,14,준비됐어? 가자.,Are you ready? Let's go.
명령문 / 청유문,15,오늘 저녁은 생선 먹자.,Let's have fish for dinner tonight.
명령문 / 청유문,16,"A: 오늘 밤에 나갈까? B: 아니, 피곤해. 집에 있자.","A: Should we go out tonight? B: No, I'm tired. Let's stay home."
명령문 / 청유문,17,추워. 나가지 말자. 집에 있자.,It's cold. Let's not go out. Let's stay home.
명령문 / 청유문,18,오늘 저녁 생선은 말고. 치킨 먹자.,Let's not have fish for dinner tonight. Let's have chicken.
동의표현 (so / neither),1,A: 나 행복해. B: 나도 행복해.,"A: I'm happy. B: I'm happy, too."
동의표현 (so / neither),2,A: 나 그 영화 좋았어. B: 나도 좋았어.,"A: I liked the movie. B: I liked it, too."
동의표현 (so / neither),3,제인은 의사야. 그녀의 남편도 의사야.,"Jane is a doctor. Her husband is a doctor, too."
동의표현 (so / neither),4,A: 나 행복하지 않아. B: 나도 안 행복해.,"A: I'm not happy. B: I'm not happy, either."
동의표현 (so / neither),5,A: 나 요리 못해. B: 나도 못해.,"A: I can't cook. B: I can't, either."
동의표현 (so / neither),6,빌은 TV를 안 봐. 신문도 안 읽어.,"Bill doesn't watch TV. He doesn't read newspapers, either."
동의표현 (so / neither),7,A: 나 일하고 있어. B: 나도.,A: I'm working. B: So am I.
동의표현 (so / neither),8,A: 나 오늘 직장에 늦었어. B: 샘도 늦었어.,A: I was late for work today. B: So was Sam.
동의표현 (so / neither),9,A: 나 은행에서 일해. B: 나도.,A: I work in a bank. B: So do I.
동의표현 (so / neither),10,A: 우리 어젯밤에 영화 보러 갔어. B: 그래? 우리도 갔어.,A: We went to the movies last night. B: You did? So did we.
동의표현 (so / neither),11,A: 나 호주에 가고 싶어. B: 나도.,A: I'd like to go to Australia. B: So would I.
동의표현 (so / neither),12,A: 나 중국에 가본 적 없어. B: 나도 없어.,A: I haven't been to China. B: Neither have I.
동의표현 (so / neither),13,A: 케이트는 요리 못해. B: 톰도 못해.,A: Kate can't cook. B: Neither can Tom.
동의표현 (so / neither),14,A: 나 내일 여기 없을 거야. B: 나도 없을 거야.,A: I won't be here tomorrow. B: Neither will I.
동의표현 (so / neither),15,A: 나 영화관에 절대 안 가. B: 나도 안 가.,A: I never go to the movies. B: Neither do I.
간접화법,1,앨리슨은 새 직장이 마음에 든다고 했어.,Allison said that she was enjoying her new job.
간접화법,2,그녀는 아버지가 별로 행복하지 않다고 했어.,She said that her father wasn't very happy.
간접화법,3,사라와 톰은 집을 살 거라고 했어.,Sarah and Tom said that they were going to buy a house.
간접화법,4,에런은 일찍 가야 한다고 했어.,Aaron said that he had to leave early.
간접화법,5,그는 누나가 호주에 가봤다고 했어.,He said that his sister had been to Australia.
간접화법,6,케이트는 일자리를 찾지 못하겠다고 했어.,Kate said that she couldn't find a job.
간접화법,7,에릭은 나한테 전화하겠다고 했어.,Eric said that he would call me.
간접화법,8,레이첼은 직장이 마음에 안 든다고 했어.,Rachel said that she didn't like her job.
간접화법,9,그녀는 아들이 학교를 좋아하지 않는다고 했어.,She said that her son didn't like school.
간접화법,10,마이크는 내가 피곤해 보인다고 했어.,Mike said that I looked tired.
간접화법,11,나는 괜찮다고 했어.,I said that I felt fine.
간접화법,12,그는 나한테 피곤하다고 했어.,He told me that he was tired.
간접화법,13,그녀가 너한테 뭐라고 했어?,What did she tell you?
to부정사 + 동명사,1,오늘 밤에 뭐 하고 싶어?,What do you want to do tonight?
to부정사 + 동명사,2,그렇게 늦지 않았어. 아직 집에 안 가도 돼.,It's not very late. We don't need to go home yet.
to부정사 + 동명사,3,레이첼은 차를 팔기로 했어.,Rachel decided to sell her car.
to부정사 + 동명사,4,나갈 때 불 끄는 거 깜빡했잖아.,You forgot to turn off the light when you went out.
to부정사 + 동명사,5,내 남동생은 운전을 배우고 있어.,My brother is learning to drive.
to부정사 + 동명사,6,책을 읽으려고 했는데 너무 피곤했어.,"I tried to read my book, but I was too tired."
to부정사 + 동명사,7,나는 춤추는 게 좋아.,I enjoy dancing.
to부정사 + 동명사,8,일찍 일어나는 건 괜찮아.,I don't mind getting up early.
to부정사 + 동명사,9,비 그쳤어?,Did it stop raining?
to부정사 + 동명사,10,타라가 영화 보러 가자고 했어.,Tara suggested going to the movies.
관사 a/an,1,레이첼은 은행에서 일해.,Rachel works in a bank.
관사 a/an,2,질문 하나 해도 될까요?,Can I ask a question?
관사 a/an,3,나 지금 직업이 없어.,I don't have a job right now.
관사 a/an,4,버스 정류장에 여자가 한 명 있어.,There's a woman at the bus stop.
관사 a/an,5,"사과 먹을래, 바나나 먹을래?",Do you want an apple or a banana?
관사 a/an,6,모자랑 우산 살 거야.,I'm going to buy a hat and an umbrella.
관사 a/an,7,어젯밤에 TV에서 재미있는 프로그램이 있었어.,There was an interesting program on TV last night.
관사 a/an,8,A: 마크는 무슨 일 해? B: 엔지니어야.,"A: ""What does Mark do?"" B: ""He's an engineer."""
관사 a/an,9,선생님이 되고 싶어?,Would you like to be a teacher?
관사 a/an,10,베토벤은 작곡가였어.,Beethoven was a composer.
관사 a/an,11,피카소는 유명한 화가였어.,Picasso was a famous painter.
관사 a/an,12,학생이에요?,Are you a student?
관사 the,1,이 거리 이름이 뭐야?,What is the name of this street?
관사 the,2,너희 팀에서 제일 잘하는 선수가 누구야?,Who is the best player on your team?
관사 the,3,지금 몇 시예요?,"Can you tell me the time, please?"
관사 the,4,제 사무실은 1층이에요.,My office is on the first floor.
관사 the,5,공항 근처에 살아요?,Do you live near the airport?
관사 the,6,"실례합니다, 가장 가까운 은행이 어디예요?","Excuse me, where is the nearest bank?"
관사 the,7,우리는 같은 거리에 살아.,We live on the same street.
관사 the,8,"A: 이 두 책 달라? B: 아니, 똑같아.","A: ""Are these two books different?"" B: ""No, they're the same."""
관사 the,9,하늘이 파랗고 햇빛이 쨍쨍해.,"The sky is blue, and the sun is shining."
관사 the,10,"도시에 살아요, 시골에 살아요?",Do you live in a city or in the country?
관사 the,11,내 남동생은 군인이야. 군대에 있어.,My brother is a soldier. He's in the army.
관사 the,12,경찰에 대해 어떻게 생각해? 잘하고 있다고 봐?,What do you think of the police? Do they do a good job?
관사 the,13,페이지 맨 위에 이름을 써.,Write your name at the top of the page.
관사 the,14,우리 집은 이 블록 끝에 있어.,My house is at the end of this block.
관사 the,15,테이블이 방 한가운데 있어.,The table is in the middle of the room.
관사 the,16,"당신 나라에서는 오른쪽으로 운전해요, 왼쪽으로 운전해요?",Do you drive on the right or on the left in your country?
관사 the,17,애나는 피아노를 배우고 있어.,Anna is learning to play the piano.
관사 the,18,나는 라디오를 자주 들어.,I listen to the radio a lot.
관사 the,19,인터넷을 주로 뭐에 써요?,What do you use the Internet for?
지시사 (this/that/one/ones),1,이 호텔은 비싸지만 정말 좋아.,"This hotel is expensive, but it's very nice."
지시사 (this/that/one/ones),2,A: 저 여자애 누구야? B: 모르겠어.,"A: ""Who's that girl?"" B: ""I don't know."""
지시사 (this/that/one/ones),3,이 신발 마음에 들어? 지난주에 샀어.,Do you like these shoes? I bought them last week.
지시사 (this/that/one/ones),4,저 사과들 맛있어 보인다. 하나 먹어도 될까?,Those apples look nice. Can I have one?
지시사 (this/that/one/ones),5,"좋은 호텔이네, 근데 너무 비싸.","This is a nice hotel, but it's very expensive."
지시사 (this/that/one/ones),6,"A: 실례합니다, 이게 당신 가방인가요? B: 아, 맞아요, 감사해요.","A: ""Excuse me, is this your bag?"" B: ""Oh yes, thank you."""
지시사 (this/that/one/ones),7,저 사람 누구야?,Who's that?
지시사 (this/that/one/ones),8,"어떤 신발이 더 마음에 들어, 이거 아니면 저거?",Which shoes do you like better – these or those?
지시사 (this/that/one/ones),9,A: 전화 못 해서 미안해. B: 괜찮아.,"A: ""I'm sorry I forgot to call you."" B: ""That's all right."""
지시사 (this/that/one/ones),10,정말 맛있는 식사였어요. 감사해요.,That was a really nice meal. Thank you very much.
지시사 (this/that/one/ones),11,"A: 선생님이시죠? B: 네, 맞아요.","A: ""You're a teacher, aren't you?"" B: ""Yes, that's right."""
지시사 (this/that/one/ones),12,A: 마크가 새 직장이 생겼대. B: 그래? 몰랐어.,"A: ""Mark has a new job."" B: ""He does? I didn't know that."""
지시사 (this/that/one/ones),13,"A: 나 다음 주에 휴가야. B: 오, 좋겠다.","A: ""I'm going on vacation next week."" B: ""Oh, that's nice."""
지시사 (this/that/one/ones),14,"안녕 사라, 나 데이비드야.","Hi Sarah, this is David."
지시사 (this/that/one/ones),15,사라예요?,Is this Sarah?
지시사 (this/that/one/ones),16,"A: 빌, 이쪽은 크리스야. B: 안녕, 크리스. 반가워. C: 안녕.","A: Bill, this is Chris. B: Hello, Chris. Nice to meet you. C: Hi."
지시사 (this/that/one/ones),17,"어떤 차가 네 거야? 이거야, 저거야?",Which car is yours? This one or that one?
지시사 (this/that/one/ones),18,"어떤 꽃 원해? 이거야, 저거야?",Which flowers do you want? These or those?
지시사 (this/that/one/ones),19,A: 어떤 호텔에 묵었어? B: 공항 근처에 있는 거.,A: Which hotel did you stay at? B: The one near the airport.
지시사 (this/that/one/ones),20,이 열쇠 찾았어. 네가 잃어버린 거야?,I found this key. Is it the one you lost?
지시사 (this/that/one/ones),21,"검은 코트는 별로인데, 갈색 거는 마음에 들어.","I don't like the black coat, but I like the brown one."
지시사 (this/that/one/ones),22,그 카메라 사지 마. 다른 거 사.,Don't buy that camera. Buy the other one.
지시사 (this/that/one/ones),23,이 컵 더러워. 깨끗한 거 있을까요?,This cup is dirty. Can I have a clean one?
지시사 (this/that/one/ones),24,그 쿠키 맛있었어. 하나 더 먹을 거야.,That cookie was good. I'm going to have another one.
지시사 (this/that/one/ones),25,A: 어떤 책들이 네 거야? B: 테이블 위에 있는 거.,A: Which books are yours? B: The ones on the table.
지시사 (this/that/one/ones),26,이 열쇠들 찾았어. 네가 잃어버린 거야?,I found these keys. Are they the ones you lost?
지시사 (this/that/one/ones),27,"빨간 신발은 별로인데, 초록색 거는 마음에 들어.","I don't like the red shoes, but I like the green ones."
지시사 (this/that/one/ones),28,저 사과들 사지 마. 다른 거 사.,Don't buy those apples. Buy the other ones.
지시사 (this/that/one/ones),29,이 컵들 더러워. 깨끗한 거 있을까요?,These cups are dirty. Can we have some clean ones?
지시사 (this/that/one/ones),30,내 신발이 너무 낡았어. 새 걸로 살 거야.,My shoes are very old. I'm going to buy some new ones.
some and any,1,옷 좀 살 거야.,I'm going to buy some clothes.
some and any,2,냉장고에 우유가 좀 있어.,There's some milk in the fridge.
some and any,3,우리가 실수를 좀 했어.,We made some mistakes.
some and any,4,옷 안 살 거야.,I'm not going to buy any clothes.
some and any,5,냉장고에 우유가 없어.,There isn't any milk in the fridge.
some and any,6,우리는 실수를 하나도 안 했어.,We didn't make any mistakes.
some and any,7,냉장고에 우유 있어?,Is there any milk in the fridge?
some and any,8,그 사람 친구 있어?,Does he have any friends?
some and any,9,도움이 필요해?,Do you need any help?
some and any,10,"A: 커피 드실래요? B: 네, 주세요.","A: Would you like some coffee? B: Yes, please."
some and any,11,"A: 수프 좀 먹어도 될까요? B: 네, 드세요.","A: Can I have some soup, please? B: Yes. Help yourself."
some and any,12,A: 돈 좀 빌려줄 수 있어? B: 그래. 얼마나 필요해?,A: Can you lend me some money? B: Sure. How much do you need?
some and any,13,"나는 사진을 안 찍었는데, 한나가 좀 찍었어.","I didn't take any pictures, but Hannah took some."
some and any,14,"커피 마셔도 돼, 나는 안 마실게.","You can have some coffee, but I don't want any."
some and any,15,방금 커피 만들었어. 마실래?,I just made some coffee. Would you like some?
some and any,16,A: 짐은 어디 있어요? B: 짐이 없어요.,"A: ""Where's your luggage?"" B: ""I don't have any."""
some and any,17,"A: 쿠키 있어? B: 응, 부엌에 좀 있어.","A: ""Are there any cookies?"" B: ""Yes, there are some in the kitchen."""
부정 표현 (not any / no / none),1,주차장에 차가 한 대도 없어.,There aren't any cars in the parking lot.
부정 표현 (not any / no / none),2,트레이시와 제프는 아이가 없어.,Tracey and Jeff don't have any children.
부정 표현 (not any / no / none),3,"커피 마셔도 돼, 나는 안 마실게.","You can have some coffee, but I don't want any."
부정 표현 (not any / no / none),4,주차장에 차가 한 대도 없어.,There are no cars in the parking lot.
부정 표현 (not any / no / none),5,커피가 없어.,We have no coffee.
부정 표현 (not any / no / none),6,"좋은 집인데, 차고가 없어.","It's a nice house, but there's no garage."
부정 표현 (not any / no / none),7,걔네 아이가 없어.,They don't have any children. / They have no children.
부정 표현 (not any / no / none),8,네 커피에 설탕이 없어.,There isn't any sugar in your coffee. / There's no sugar in your coffee.
부정 표현 (not any / no / none),9,우리 돈이 없어.,We have no money.
부정 표현 (not any / no / none),10,다 괜찮았어. 아무 문제도 없었어.,Everything was OK. There were no problems.
부정 표현 (not any / no / none),11,A: 돈 얼마나 있어? B: 없어.,"A: ""How much money do you have?"" B: ""None."""
부정 표현 (not any / no / none),12,"A: 문제 있었어? B: 아니, 없었어.","A: ""Were there any problems?"" B: ""No, none."""
복합대명사 (some- / any- / no-),1,문 앞에 누가 있어.,There is somebody at the door.
복합대명사 (some- / any- / no-),2,문 앞에 누구 있어?,Is there anybody at the door?
복합대명사 (some- / any- / no-),3,문 앞에 아무도 없어.,There isn't anybody at the door.
복합대명사 (some- / any- / no-),4,문 앞에 아무도 없어.,There is nobody at the door.
복합대명사 (some- / any- / no-),5,"사라가 뭔가 말했는데, 뭔지 못 알아들었어.","Sarah said something, but I didn't understand what she said."
복합대명사 (some- / any- / no-),6,이번 주말에 뭐 해?,Are you doing anything this weekend?
복합대명사 (some- / any- / no-),7,"화가 났는데, 아무 말도 안 했어.","I was angry, but I didn't say anything."
복합대명사 (some- / any- / no-),8,A: 뭐라고 했어? B: 아무 말도 안 했어.,"A: ""What did you say?"" B: ""Nothing."""
복합대명사 (some- / any- / no-),9,메건의 부모님은 남부 캘리포니아 어딘가에 살아.,Megan's parents live somewhere in Southern California.
복합대명사 (some- / any- / no-),10,지난 주말에 어디 갔어?,Did you go anywhere last weekend?
복합대명사 (some- / any- / no-),11,나 여기 있을 거야. 어디도 안 가.,I'm staying here. I'm not going anywhere.
복합대명사 (some- / any- / no-),12,이 동네 싫어. 갈 데가 없어.,I don't like this town. There is nowhere to go.
복합대명사 (some- / any- / no-),13,파티에서 흥미로운 사람 만났어?,Did you meet anybody interesting at the party?
복합대명사 (some- / any- / no-),14,우리 항상 같은 데 가잖아. 다른 데 가보자.,We always go to the same place. Let's go somewhere different.
복합대명사 (some- / any- / no-),15,A: 그 편지에 뭐 있어? B: 별거 없어.,"A: ""What's in that letter?"" B: ""It's nothing important."""
복합대명사 (some- / any- / no-),16,배고파. 뭔가 먹을 게 있으면 좋겠어.,I'm hungry. I want something to eat.
복합대명사 (some- / any- / no-),17,토니는 얘기할 사람이 없어.,Tony doesn't have anybody to talk to.
복합대명사 (some- / any- / no-),18,이 동네엔 갈 데가 없어.,There is nowhere to go in this town.
every and all,1,사라는 유럽의 모든 나라를 가봤어.,Sarah has been to every country in Europe.
every and all,2,우리는 매년 여름 해변으로 휴가를 가.,Every summer we take a vacation at the beach.
every and all,3,그녀는 볼 때마다 달라 보여.,She looks different every time I see her.
every and all,4,그 거리의 모든 집이 다 똑같이 생겼어.,Every house on the street is the same.
every and all,5,모든 나라에는 국기가 있어.,Every country has a national flag.
every and all,6,지난주에 매일 비가 왔어.,It rained every day last week.
every and all,7,빌은 매일 밤 두 시간 정도 TV를 봐.,Bill watches TV for about two hours every night.
every and all,8,어제 하루 종일 비가 왔어.,It rained all day yesterday.
every and all,9,월요일에 밤새 TV를 봤어.,"On Monday, I watched TV all night."
all/most/some/any/no/none,1,대부분의 아이들은 노는 걸 좋아해.,Most children like to play.
all/most/some/any/no/none,2,나는 돈이 필요 없어.,I don't want any money.
all/most/some/any/no/none,3,어떤 책들은 다른 것보다 좋아.,Some books are better than others.
all/most/some/any/no/none,4,그는 친구가 없어.,He has no friends.
all/most/some/any/no/none,5,모든 도시는 같은 문제를 안고 있어.,All cities have the same problems.
all/most/some/any/no/none,6,이 학교 아이들 대부분은 11살 미만이야.,Most of the children at this school are under 11 years old.
all/most/some/any/no/none,7,이 돈은 하나도 필요 없어.,I don't want any of this money.
all/most/some/any/no/none,8,이 책들 중 일부는 아주 오래됐어.,Some of these books are very old.
all/most/some/any/no/none,9,내 친구들은 아무도 나 근처에 살지 않아.,None of my friends live near me.
all/most/some/any/no/none,10,"이 케이크 좀 먹어도 되는데, 다는 안 돼.","You can have some of this cake, but not all of it."
all/most/some/any/no/none,11,"A: 저 사람들 알아? B: 대부분은 알아, 다는 아니고.","A: Do you know those people? B: Most of them, but not all of them."
all/most/some/any/no/none,12,우리 중 몇 명은 오늘 밤에 나갈 건데. 같이 갈래?,Some of us are going out tonight. Why don't you come with us?
all/most/some/any/no/none,13,"책이 많은데, 하나도 안 읽었어.","I have a lot of books, but I haven't read any of them."
all/most/some/any/no/none,14,A: 이 책들 중 몇 권 읽었어? B: 한 권도 안 읽었어.,"A: ""How many of these books have you read?"" B: ""None of them."""
both/either/neither,1,레베카에게는 두 아이가 있어. 둘 다 결혼했어.,Rebecca has two children. Both are married.
both/either/neither,2,"차 드실래요, 커피 드실래요? 둘 다 마셔도 돼요.",Would you like tea or coffee? You can have either.
both/either/neither,3,"A: 영화관 갈래, 극장 갈래? B: 둘 다 싫어. 집에 있고 싶어.",A: Do you want to go to the movies or the theater? B: Neither. I want to stay home.
both/either/neither,4,작년에 마이애미랑 시애틀에 갔어. 두 도시 다 너무 좋았어.,Last year I went to Miami and Seattle. I liked both cities very much.
both/either/neither,5,처음엔 사무실에서 일하다가 나중엔 가게에서 일했어. 둘 다 별로 재미없었어.,"First I worked in an office, and later in a store. Neither job was very interesting."
both/either/neither,6,공항 가는 길이 두 가지야. 어느 쪽으로 가도 돼.,There are two ways to get to the airport. You can go either way.
both/either/neither,7,우리 부모님 둘 다 캐나다 사람이 아니야.,Neither of my parents is Canadian.
both/either/neither,8,이 책들 둘 다 안 읽었어.,I haven't read either of these books.
both/either/neither,9,폴에게는 두 자매가 있어. 둘 다 결혼했어.,Paul has two sisters. Both of them are married.
both/either/neither,10,수랑 나는 아무것도 안 먹었어. 둘 다 배가 안 고팠거든.,Sue and I didn't eat anything. Neither of us was hungry.
both/either/neither,11,저 두 사람 누구야? 둘 다 모르겠어.,Who are those two people? I don't know either of them.
a lot / much / many,1,음식 많이 샀어?,Did you buy much food?
a lot / much / many,2,짐이 많지 않아.,We don't have much luggage.
a lot / much / many,3,돈이 얼마나 필요해?,How much money do you want?
a lot / much / many,4,"A: 돈 있어? B: 좀 있는데, 많지는 않아.","A: Do you have any money? B: I have some, but not much."
a lot / much / many,5,책 많이 샀어?,Did you buy many books?
a lot / much / many,6,우리는 아는 사람이 많지 않아.,We don't know many people.
a lot / much / many,7,사진 몇 장 찍었어?,How many photos did you take?
a lot / much / many,8,"A: 사진 찍었어? B: 좀 찍었는데, 많지는 않아.","A: Did you take any photos? B: I took some, but not many."
a lot / much / many,9,음식을 많이 샀어.,We bought a lot of food.
a lot / much / many,10,폴라는 여유 시간이 많지 않아.,Paula doesn't have a lot of free time.
a lot / much / many,11,책을 많이 샀어.,We bought a lot of books.
a lot / much / many,12,질문을 많이 했어?,Did they ask a lot of questions?
a lot / much / many,13,커피 많이 마셔?,Do you drink much coffee?
a lot / much / many,14,커피를 많이 마시지 않아.,I don't drink much coffee.
a lot / much / many,15,친구가 많아?,Do you have many friends?
a lot / much / many,16,우리는 친구가 많지 않아.,We don't have many friends.
a lot / much / many,17,나는 커피를 많이 마셔.,I drink a lot of coffee.
a lot / much / many,18,우리는 친구가 많지 않아.,We don't have a lot of friends.
a lot / much / many,19,아는 사람이 많아?,Do you know a lot of people?
a lot / much / many,20,나는 과일을 많이 먹어.,I eat a lot of fruit.
a lot / much / many,21,"A: 과일 많이 먹어? B: 응, 많이.","A: ""Do you eat much fruit?"" B: ""Yes, a lot."""
a lot / much / many,22,"레이첼이 나한테 말을 걸었는데, 많이 하지는 않았어.","Rachel spoke to me, but she didn't say much."
a lot / much / many,23,"A: TV 자주 봐? B: 아니, 별로.","A: ""Do you watch TV much?"" B: ""No, not much."""
a lot / much / many,24,우리는 영화를 좋아해서 영화관을 자주 가.,"We like movies, so we go to the movies a lot."
a lot / much / many,25,나는 그가 별로야.,I don't like him very much.
a little / a few,1,"아무것도 안 먹었는데, 물은 조금 마셨어.","She didn't eat anything, but she drank a little water."
a little / a few,2,스페인어를 조금 할 줄 알아.,I speak a little Spanish.
a little / a few,3,A: 스페인어 할 줄 알아? B: 조금.,A: Can you speak Spanish? B: A little.
a little / a few,4,"실례합니다, 전화 몇 통 해야 해요.","Excuse me, I have to make a few phone calls."
a little / a few,5,며칠 동안 자리를 비울 거야.,We're going away for a few days.
a little / a few,6,스페인어 단어를 몇 개 알아.,I speak a few words of Spanish.
a little / a few,7,"A: 우표 있어? B: 응, 몇 개 있어. 하나 줄까?","A: Do you have any stamps? B: Yes, a few. Do you want one?"
a little / a few,8,냉장고에 음식이 거의 없었어. 거의 비어 있었어.,There was little food in the fridge. It was almost empty.
a little / a few,9,극장에 사람이 거의 없었어. 거의 비어 있었어.,There were few people in the theater. It was almost empty.
a little / a few,10,댄은 아주 말랐어. 거의 안 먹거든.,Dan is very thin because he eats very little.
a little / a few,11,영어가 정말 잘하시네요. 실수가 거의 없어요.,Your English is very good. You make very few mistakes.
비교급 (-er than / more than),1,"로마도 오래됐지만, 아테네가 더 오래됐어.","Rome is old, but Athens is older."
비교급 (-er than / more than),2,"차로 가는 게 싸, 기차로 가는 게 싸?",Is it cheaper to go by car or by train?
비교급 (-er than / more than),3,헬렌은 더 큰 차를 원해.,Helen wants a bigger car.
비교급 (-er than / more than),4,"이 코트도 괜찮은데, 다른 게 더 예쁜 것 같아.","This coat is OK, but I think the other one is nicer."
비교급 (-er than / more than),5,버스 타지 마. 택시 타는 게 더 편해.,Don't take the bus. It's easier to take a taxi.
비교급 (-er than / more than),6,"A: 역까지 얼마나 돼? 1마일? B: 아니, 더 멀어. 2마일 정도야.","A: How far is it to the station? A mile? B: No, it's farther. About two miles."
비교급 (-er than / more than),7,더 조심해야 해.,You should be more careful.
비교급 (-er than / more than),8,내 일이 마음에 안 들어. 더 재미있는 걸 하고 싶어.,I don't like my job. I want to do something more interesting.
비교급 (-er than / more than),9,"차로 가는 게 비싸, 기차로 가는 게 비싸?",Is it more expensive to go by car or by train?
비교급 (-er than / more than),10,"어제 날씨가 별로였는데, 오늘은 더 좋아.","The weather wasn't very good yesterday, but it's better today."
비교급 (-er than / more than),11,"A: 오늘 좀 나아? B: 아니, 더 나빠진 것 같아.","A: ""Do you feel better today?"" B: ""No, I feel worse."""
비교급 (-er than / more than),12,두통이랑 치통 중에 어느 게 더 힘들어?,Which is worse – a headache or a toothache?
비교급 (-er than / more than),13,아테네는 로마보다 오래됐어.,Athens is older than Rome.
비교급 (-er than / more than),14,오렌지가 바나나보다 비싸?,Are oranges more expensive than bananas?
비교급 (-er than / more than),15,버스보다 택시 타는 게 더 편해.,It's easier to take a taxi than to take the bus.
비교급 (-er than / more than),16,A: 오늘 어때? B: 나쁘지 않아. 어제보다 나아.,"A: ""How are you today?"" B: ""Not bad. Better than yesterday."""
비교급 (-er than / more than),17,식당이 평소보다 더 붐벼.,The restaurant is more crowded than usual.
비교급 (-er than / more than),18,"A: 신발 얼마였어? 100달러? B: 아니, 그보다 더.","A: How much did your shoes cost? $100? B: No, more than that."
비교급 (-er than / more than),19,영화가 엄청 짧았어. 한 시간도 안 됐어.,The movie was very short – less than an hour.
비교급 (-er than / more than),20,걔네는 필요한 것보다 돈이 더 많아.,They have more money than they need.
비교급 (-er than / more than),21,너는 나보다 더 자주 나가잖아.,You go out more than me.
비교급 (-er than / more than),22,캐나다는 프랑스보다 훨씬 커.,Canada is much bigger than France.
비교급 (-er than / more than),23,수는 조쉬보다 조금 더 많아. 수는 25살이고 조쉬는 24살이거든.,Sue is a little older than Josh – she's 25 and he's 24.
비교급 (-er than / more than),24,호텔이 생각보다 훨씬 비쌌어.,The hotel was much more expensive than I expected.
비교급 (-er than / more than),25,너는 나보다 훨씬 더 자주 나가잖아.,You go out much more than me.
동등비교 (as...as),1,로마는 아테네만큼 오래되지 않았어.,Rome is not as old as Athens.
동등비교 (as...as),2,그랜드 호텔은 웨스턴 호텔만큼 비싸지 않아.,The Grand Hotel isn't as expensive as the Western.
동등비교 (as...as),3,나는 너만큼 축구를 자주 하지 않아.,I don't play soccer as often as you.
동등비교 (as...as),4,어제보다 날씨가 좋아졌어. 그렇게 춥지 않아.,The weather is better than it was yesterday. It isn't as cold.
동등비교 (as...as),5,나는 너만큼 돈이 없어.,I don't have as much money as you.
동등비교 (as...as),6,나는 너만큼 아는 사람이 많지 않아.,I don't know as many people as you.
동등비교 (as...as),7,나는 너만큼 자주 나가지 않아.,I don't go out as much as you.
동등비교 (as...as),8,오늘 날씨가 어제랑 똑같아.,The weather today is the same as yesterday.
동등비교 (as...as),9,내 머리 색이 너랑 똑같아.,My hair is the same color as yours.
동등비교 (as...as),10,나는 팀이랑 동시에 도착했어.,I arrived at the same time as Tim.
최상급 (the -est / the most),1,그 교회는 아주 오래됐어. 마을에서 가장 오래된 건물이야.,The church is very old. It's the oldest building in the town.
최상급 (the -est / the most),2,세계에서 가장 긴 강이 뭐야?,What is the longest river in the world?
최상급 (the -est / the most),3,"돈이 중요하긴 하지만, 인생에서 가장 중요한 건 아니야.","Money is important, but it isn't the most important thing in life."
최상급 (the -est / the most),4,"실례합니다, 가장 가까운 은행이 어디예요?","Excuse me, where is the nearest bank?"
최상급 (the -est / the most),5,"마이크는 잘하는 선수이지만, 팀에서 제일은 아니야.","Mike is a good player, but he isn't the best on the team."
최상급 (the -est / the most),6,영화가 너무 별로였어. 내가 본 영화 중에 제일 최악인 것 같아.,The movie was very bad. I think it's the worst movie I've ever seen.
최상급 (the -est / the most),7,지금까지 해본 것 중에 가장 특이한 게 뭐야?,What is the most unusual thing you've ever done?
